index,module,topic,color,feed,term,created,country,ratio,counter,pages,language,ipcc,continent
'58d94daf01',extremes,Storm,#b3b2b1,wmo,tempestade leiria,2026-01-15T10:56:00+00:00,Portugal,0.7721706265567628,0,1,pt,MED,Europe
'4f4ac0a5b6',extremes,Precipitation,#d60d2b,wmo,aguaceiro portugal,2026-01-15T10:56:00+00:00,Portugal,0.7718326615334731,0,1,pt,MED,Europe
'6c06a5aed7',extremes,Snow&Ice,#d60d2b,wmo,gelo portugal,2026-01-15T10:56:00+00:00,Portugal,0.7716082854802285,0,1,pt,MED,Europe
'ac41bc4290',extremes,Storm,#b3b2b1,wmo,tempestade braga,2026-01-15T12:14:00+00:00,Portugal,0.771488168831626,0,1,pt,MED,Europe
'142ceaad91',extremes,Storm,#b3b2b1,wmo,tempestade braga,2026-01-15T10:56:00+00:00,Portugal,0.7714381567056976,0,1,pt,MED,Europe
'2b315601ab',extremes,Storm,#b3b2b1,wmo,tempestade porto,2026-01-15T12:14:00+00:00,Portugal,0.7714194319179734,0,1,pt,MED,Europe
'a07014ffe4',extremes,Storm,#b3b2b1,wmo,tempestade madeira costa norte,2026-01-15T10:56:00+00:00,Portugal,0.7713752686159947,0,1,pt,MED,Europe
'8bc0bfe218',extremes,Precipitation,#d60d2b,wmo,chuva torrencial brasil,2026-01-17T03:44:00+00:00,Brazil,0.7454339720146941,0,1,pt,SAM,South-America
'0b5dad7a57',extremes,Precipitation,#d60d2b,wmo,chuva portugal,2026-01-15T12:14:00+00:00,Portugal,0.7406988690447536,1,3,pt,MED,Europe
'731557e0bc',extremes,Earthquake,#870007,usgs,terremoto timor leste,2026-01-15T10:56:00+00:00,Timor Leste,0.711963081039929,0,1,pt,SEA,Asia
'b8507f9326',extremes,Precipitation,#d60d2b,wmo,precipitação viana do castelo,2026-01-15T12:14:00+00:00,Portugal,0.6814815431961331,1,1,pt,MED,Europe
'06532967b8',extremes,Drought,#edc291,edo,falta de chuva brasil,2026-01-15T10:57:00+00:00,Brazil,0.6762370614301474,1,2,pt,SAM,South-America
'8efdebc0e4',extremes,Precipitation,#d60d2b,wmo,chuva lisboa,2026-01-15T10:56:00+00:00,Portugal,0.6721366426821334,1,2,pt,MED,Europe
'7978d58b02',extremes,Precipitation,#d60d2b,wmo,chuva brasil,2026-01-15T10:56:00+00:00,Brazil,0.6667456590419453,0,1,pt,SAM,South-America
'c6ce45829e',extremes,Storm,#b3b2b1,wmo,tempestade brasil,2026-01-17T03:44:00+00:00,Brazil,0.6665336998511991,0,1,pt,SAM,South-America
'49fd9aa03f',extremes,Precipitation,#d60d2b,wmo,precipitação portugal,2026-01-15T10:56:00+00:00,Portugal,0.6659853710183049,1,2,pt,MED,Europe
'bed53cc600',extremes,Precipitation,#d60d2b,wmo,chuva torrencial brasil,2026-01-15T10:56:00+00:00,Brazil,0.6653538536658461,0,1,pt,SAM,South-America
'0d1e3addbf',extremes,Storm,#b3b2b1,wmo,tempestade brasil,2026-01-15T10:56:00+00:00,Brazil,0.6632965277211736,0,1,pt,SAM,South-America
'28d39c6daf',extremes,Storm,#b3b2b1,wmo,tempestade açores grupo oriental,2026-01-24T03:48:00+00:00,Portugal,0.6617653678133436,0,1,pt,MED,Europe
'a14f66dc67',extremes,Precipitation,#d60d2b,wmo,precipitação porto,2026-01-15T10:56:00+00:00,Portugal,0.6602863276821334,1,2,pt,MED,Europe
'38784ec34b',extremes,Storm,#b3b2b1,wmo,tempestade açores grupo ocidental,2026-01-23T04:03:00+00:00,Portugal,0.6587143755907151,0,1,pt,MED,Europe
'c589684ff6',extremes,Storm,#b3b2b1,wmo,tempestade em portugal,2026-01-15T10:56:00+00:00,Portugal,0.6578653073543739,1,1,pt,MED,Europe
'44af485610',extremes,Snow&Ice,#d60d2b,wmo,geada portugal,2026-01-15T10:56:00+00:00,Portugal,0.6572186603554687,1,1,pt,MED,Europe
'ca2ea52a94',extremes,Snow&Ice,#d60d2b,wmo,vila real congelante,2026-01-15T10:56:00+00:00,Portugal,0.6565054790157939,1,1,pt,MED,Europe
'a7b2b0d667',extremes,Precipitation,#d60d2b,wmo,chuva torrencial braga,2026-01-15T10:56:00+00:00,Portugal,0.6563858776821334,1,1,pt,MED,Europe
'f5b7e0886f',extremes,Precipitation,#d60d2b,wmo,aguaceiro santarém,2026-01-15T10:56:00+00:00,Portugal,0.6563858776821334,1,1,pt,MED,Europe
'e9e61e7cb8',extremes,Storm,#b3b2b1,wmo,tempestade aveiro,2026-01-15T10:56:00+00:00,Portugal,0.6563650170066244,1,1,pt,MED,Europe
'273bd7080e',extremes,Storm,#b3b2b1,wmo,tempestade viana do castelo,2026-01-15T10:56:00+00:00,Portugal,0.6563543732497278,1,1,pt,MED,Europe
'80d7fcdbf1',extremes,Precipitation,#d60d2b,wmo,chuva torrencial portugal,2026-01-15T10:56:00+00:00,Portugal,0.6559919274023578,1,1,pt,MED,Europe
'd7e18db298',extremes,Precipitation,#d60d2b,wmo,chuva torrencial porto,2026-01-15T12:14:00+00:00,Portugal,0.6559199089769906,1,1,pt,MED,Europe
'2fcb5eaea8',extremes,Precipitation,#d60d2b,wmo,aguaceiro braga,2026-01-15T12:14:00+00:00,Portugal,0.6558542327941722,1,1,pt,MED,Europe
'5fca4dc93b',extremes,Precipitation,#d60d2b,wmo,chuva torrencial coimbra,2026-01-15T12:14:00+00:00,Portugal,0.6556885436065109,1,1,pt,MED,Europe
'ef1071c617',extremes,Snow&Ice,#d60d2b,wmo,braga congelante,2026-01-15T12:14:00+00:00,Portugal,0.655667265650588,1,1,pt,MED,Europe
'2702ab0f90',extremes,Snow&Ice,#d60d2b,wmo,Aveiro gelado,2026-01-26T04:09:00+00:00,Portugal,0.6467347535479829,1,2,pt,MED,Europe
'8fefe12eed',extremes,Drought,#edc291,edo,seca cabo verde,2026-01-15T12:14:00+00:00,Cabo Verde,0.6453979861729379,0,1,pt,NAO,Atlantic Ocean
'e6200fd658',extremes,Drought,#edc291,edo,seca angola,2026-01-15T10:57:00+00:00,Angola,0.6416682506689928,0,1,pt,WSAF,Africa
'9e3f2c6665',extremes,Storm,#b3b2b1,wmo,tempestade lisboa,2026-01-15T10:56:00+00:00,Portugal,0.641533683722199,0,1,pt,MED,Europe
'f224285544',extremes,Drought,#edc291,edo,seca portugal,2026-01-15T12:14:00+00:00,Portugal,0.63935281430797,0,1,pt,NAO,Atlantic Ocean
'437e5522d5',extremes,Storm,#b3b2b1,wmo,tempestade leiria,2026-01-20T03:56:00+00:00,Portugal,0.6371316130824918,0,1,pt,MED,Europe
'92879a0217',extremes,Storm,#b3b2b1,wmo,tempestade beja,2026-01-23T04:03:00+00:00,Portugal,0.6339746957832365,0,1,pt,MED,Europe
'1a9efc956b',extremes,Storm,#b3b2b1,wmo,tempestade lisboa,2026-01-15T12:14:00+00:00,Portugal,0.6339426387488866,0,1,pt,MED,Europe
'0321e2fede',extremes,Storm,#b3b2b1,wmo,tempestade portugal,2026-01-15T10:56:00+00:00,Portugal,0.633395305821114,1,2,pt,MED,Europe
'3da70d2eb1',extremes,Snow&Ice,#d60d2b,wmo,neve portugal,2026-01-15T12:14:00+00:00,Portugal,0.6283557664198625,0,1,pt,MED,Europe
'8739f63c97',extremes,Storm,#b3b2b1,wmo,tempestade viana do castelo,2026-01-15T10:56:00+00:00,Portugal,0.6276959907753188,0,1,pt,MED,Europe
'a6a4025044',extremes,Storm,#b3b2b1,wmo,tempestade coimbra,2026-01-15T10:56:00+00:00,Portugal,0.6270085574115402,0,1,pt,MED,Europe
'abc98b2f94',extremes,Storm,#b3b2b1,wmo,tempestade aveiro,2026-01-15T12:14:00+00:00,Portugal,0.6247354344941081,0,1,pt,MED,Europe
'3fb8010a56',extremes,Storm,#b3b2b1,wmo,tempestade açores grupo oriental,2026-01-22T03:59:00+00:00,Portugal,0.6247039314915191,0,1,pt,MED,Europe
'580da30ad3',extremes,Storm,#b3b2b1,wmo,tempestade faro,2026-01-15T10:56:00+00:00,Portugal,0.6244446634585191,0,1,pt,MED,Europe
'a5fdaf89bd',extremes,Storm,#b3b2b1,wmo,tempestade setúbal,2026-01-15T10:56:00+00:00,Portugal,0.6229711607703721,0,1,pt,MED,Europe
'db5ce0d116',extremes,Storm,#b3b2b1,wmo,tempestade coimbra,2026-01-23T04:03:00+00:00,Portugal,0.6216585064456426,0,1,pt,MED,Europe
'7eff8c333b',extremes,Snow&Ice,#d60d2b,wmo,geada vila real,2026-01-15T12:14:00+00:00,Portugal,0.6203169603937518,1,2,pt,MED,Europe
'e6ddf81a7b',extremes,Snow&Ice,#d60d2b,wmo,neve aveiro,2026-01-22T03:59:00+00:00,Portugal,0.6201267188919529,0,1,pt,MED,Europe
'aceacf8c3e',extremes,Storm,#b3b2b1,wmo,tempestade madeira porto santo,2026-01-15T12:14:00+00:00,Portugal,0.62006329854946,0,1,pt,MED,Europe
'c148cc1022',extremes,Storm,#b3b2b1,wmo,tempestade madeira costa norte,2026-01-17T03:44:00+00:00,Portugal,0.6156471479941359,0,1,pt,MED,Europe
'125e47808a',extremes,Precipitation,#d60d2b,wmo,chuva torrencial leiria,2026-01-22T03:59:00+00:00,Portugal,0.614597730396011,0,1,pt,MED,Europe
'823c9a3d74',extremes,Storm,#b3b2b1,wmo,tempestade porto,2026-01-17T03:44:00+00:00,Portugal,0.6110842919789489,0,1,pt,MED,Europe
'a3d1def002',extremes,Storm,#b3b2b1,wmo,tempestade viseu,2026-01-25T04:06:00+00:00,Portugal,0.6078253424177598,1,2,pt,MED,Europe
'06dac2011e',extremes,Snow&Ice,#d60d2b,wmo,neve leiria,2026-01-24T03:48:00+00:00,Portugal,0.6067545637787451,1,2,pt,MED,Europe
'0dee0b9f6d',extremes,Storm,#b3b2b1,wmo,tempestade setúbal,2026-01-22T03:59:00+00:00,Portugal,0.6058848062433636,0,1,pt,MED,Europe
'723cfda4cd',extremes,Precipitation,#d60d2b,wmo,chuva santarém,2026-01-22T03:59:00+00:00,Portugal,0.6043331846246374,1,2,pt,MED,Europe
'8ae180c51e',extremes,Precipitation,#d60d2b,wmo,precipitação brasil,2026-01-18T03:57:00+00:00,Brazil,0.5971469865061627,1,2,pt,SAM,South-America
'd68a95630d',extremes,Drought,#edc291,edo,falta de chuva cabo verde,2026-01-22T04:00:00+00:00,Cabo Verde,0.5954787079145201,0,1,pt,NAO,Atlantic Ocean
'4f55bafa85',extremes,Snow&Ice,#d60d2b,wmo,gelo aveiro,2026-01-23T04:03:00+00:00,Portugal,0.5909812766666586,1,1,pt,MED,Europe
'a9e1f8e3f3',extremes,Snow&Ice,#d60d2b,wmo,guarda de neve,2026-01-24T03:48:00+00:00,Portugal,0.5907761142529251,1,2,pt,MED,Europe
'38a1a191a5',extremes,Snow&Ice,#d60d2b,wmo,gelo Bragança,2026-01-22T03:59:00+00:00,Portugal,0.5805939606691115,1,1,pt,MED,Europe
'a23bbf67d4',extremes,Precipitation,#d60d2b,wmo,chuva porto,2026-01-25T04:06:00+00:00,Portugal,0.5802200129230524,0,1,pt,MED,Europe
'6ae6b88af4',extremes,Storm,#b3b2b1,wmo,tempestade bragança,2026-01-25T04:06:00+00:00,Portugal,0.579274003584498,1,1,pt,MED,Europe
'7592facbb8',extremes,Snow&Ice,#d60d2b,wmo,neve viana do castelo,2026-01-21T03:56:00+00:00,Portugal,0.5789748655044468,1,1,pt,MED,Europe
'3b23de1a2c',extremes,Storm,#b3b2b1,wmo,tempestade açores grupo ocidental,2026-01-25T04:06:00+00:00,Portugal,0.5656947720996458,0,1,pt,MED,Europe
'3e5f311da7',extremes,Drought,#edc291,edo,período de seca são tomé e príncipe,2026-01-15T12:14:00+00:00,Sao Tome and Principe,0.562317320083555,1,1,pt,WAF,Africa
'c844de2783',extremes,Precipitation,#d60d2b,wmo,precipitação braga,2026-01-26T04:09:00+00:00,Portugal,0.5591032353153286,0,1,pt,MED,Europe
'4b6a1ed5f2',extremes,Drought,#edc291,edo,seca cabo verde,2026-01-19T04:03:00+00:00,Cabo Verde,0.5589489799784191,0,1,pt,NAO,Atlantic Ocean
'7a5cae3274',extremes,Storm,#b3b2b1,wmo,tempestade açores grupo central,2026-01-24T03:48:00+00:00,Portugal,0.5572777713928645,1,1,pt,MED,Europe
'86b60d837d',extremes,Precipitation,#d60d2b,wmo,aguaceiro beja,2026-01-27T03:58:00+00:00,Portugal,0.5570069185576575,0,1,pt,MED,Europe
'a9f5de0046',extremes,Snow&Ice,#d60d2b,wmo,gelo castelo branco,2026-01-23T04:03:00+00:00,Portugal,0.5567069359818033,1,1,pt,MED,Europe
'59d157f02e',extremes,Snow&Ice,#d60d2b,wmo,geada porto,2026-01-24T03:48:00+00:00,Portugal,0.5547630215300116,1,1,pt,MED,Europe
'7330063805',extremes,Precipitation,#d60d2b,wmo,chuva leiria,2026-01-27T03:58:00+00:00,Portugal,0.5527158214405866,0,1,pt,MED,Europe
'fc004674ec',extremes,Storm,#b3b2b1,wmo,tempestade açores grupo central,2026-01-23T04:03:00+00:00,Portugal,0.550914559695979,1,1,pt,MED,Europe
'8a654473a4',extremes,Drought,#edc291,edo,seca são tomé e príncipe,2026-01-17T03:44:00+00:00,Sao Tome and Principe,0.5508159834274593,1,1,pt,WAF,Africa
'c4be795f03',extremes,Drought,#edc291,edo,falta de chuva na Guiné Equatorial,2026-01-15T10:57:00+00:00,Equatorial Guinea,0.547351895628288,0,1,pt,WAF,Africa
'bc92e311be',extremes,Snow&Ice,#d60d2b,wmo,porto gelado,2026-01-27T03:58:00+00:00,Portugal,0.5465638652481758,1,1,pt,MED,Europe
'315a0b9c70',extremes,Snow&Ice,#d60d2b,wmo,guarda congelante,2026-01-23T04:03:00+00:00,Portugal,0.5461082871679948,1,1,pt,MED,Europe
'4178569bd4',extremes,Storm,#b3b2b1,wmo,tempestade guarda,2026-01-27T03:58:00+00:00,Portugal,0.5449385138149199,1,1,pt,MED,Europe
'd1a9e65736',extremes,Storm,#b3b2b1,wmo,tempestade Beja,2026-01-17T03:44:00+00:00,Portugal,0.5440108956551363,1,1,pt,MED,Europe
'036a614dbd',extremes,Drought,#edc291,edo,período de seca em Moçambique,2026-01-15T12:14:00+00:00,Mozambique,0.5405682202347261,1,1,pt,ESAF,Africa
'f73848312c',extremes,Snow&Ice,#d60d2b,wmo,geada portalegre,2026-01-23T04:03:00+00:00,Portugal,0.5402036729512681,1,1,pt,MED,Europe
'139365f0b2',extremes,Snow&Ice,#d60d2b,wmo,guarda de gelo,2026-01-15T12:14:00+00:00,Portugal,0.5396567416355544,1,2,pt,MED,Europe
'56dca2743f',extremes,Drought,#edc291,edo,período de seca na Guiné Equatorial,2026-01-15T12:14:00+00:00,Equatorial Guinea,0.5392924428662017,0,1,pt,WAF,Africa
'615fb7678a',extremes,Storm,#b3b2b1,wmo,tempestade vila real,2026-01-25T04:06:00+00:00,Portugal,0.538609076857097,1,1,pt,MED,Europe
'a7e497a0ee',extremes,Storm,#b3b2b1,wmo,tempestade madeira costa sul,2026-01-15T12:14:00+00:00,Portugal,0.5367193296803043,1,1,pt,MED,Europe
'65f4c9b834',extremes,Drought,#edc291,edo,período de seca Guiné Bissau,2026-01-15T12:14:00+00:00,Guinea-Bissau,0.5353405963121822,1,1,pt,WAF,Africa
'eea2724753',extremes,Snow&Ice,#d60d2b,wmo,congelando portugal,2026-01-15T10:56:00+00:00,Portugal,0.534263486681431,0,1,pt,MED,Europe
'9436b23234',extremes,Drought,#edc291,edo,seca cabo verde,2026-01-15T10:57:00+00:00,Cabo Verde,0.5313721629336723,0,1,pt,NAO,Atlantic Ocean
'dee81601c3',extremes,Snow&Ice,#d60d2b,wmo,geada Bragança,2026-01-23T04:03:00+00:00,Portugal,0.5302514530609682,1,1,pt,MED,Europe
'854f6d8047',extremes,Storm,#b3b2b1,wmo,tempestade faro,2026-01-17T03:44:00+00:00,Portugal,0.5278322523213874,0,1,pt,MED,Europe
'dc400f13ed',extremes,Snow&Ice,#d60d2b,wmo,geada viana do castelo,2026-01-22T03:59:00+00:00,Portugal,0.5276917373116559,1,1,pt,MED,Europe
'20eb9408b0',extremes,Snow&Ice,#d60d2b,wmo,congelando castelo branco,2026-01-21T03:56:00+00:00,Portugal,0.5269546654092678,1,1,pt,MED,Europe
'1ebaf222ef',extremes,Storm,#b3b2b1,wmo,tempestade madeira costa sul,2026-01-18T03:57:00+00:00,Portugal,0.5262813174648203,1,1,pt,MED,Europe
'afb611a4c3',extremes,Drought,#edc291,edo,seca portugal,2026-01-17T03:44:00+00:00,Portugal,0.5260813184168726,0,1,pt,NAO,Atlantic Ocean
'9cb26e3a70',extremes,Storm,#b3b2b1,wmo,tempestade vila real,2026-01-26T04:09:00+00:00,Portugal,0.5238304148933668,1,1,pt,MED,Europe
'17df7f1e7f',extremes,Precipitation,#d60d2b,wmo,chuva viseu,2026-01-26T04:09:00+00:00,Portugal,0.5224333257051733,1,1,pt,MED,Europe
'8e3ceed119',extremes,Drought,#edc291,edo,seca angola,2026-01-17T03:44:00+00:00,Angola,0.5211023678162489,0,1,pt,WSAF,Africa
'f6a78b7678',extremes,Snow&Ice,#d60d2b,wmo,congelante viana do castelo,2026-01-24T03:48:00+00:00,Portugal,0.5209044954704372,1,1,pt,MED,Europe
'090e2c613b',extremes,Snow&Ice,#d60d2b,wmo,geada guarda,2026-01-17T03:44:00+00:00,Portugal,0.5191044708899487,0,1,pt,MED,Europe
'722490b387',extremes,Storm,#b3b2b1,wmo,tempestade madeira regiões montanhosas,2026-01-17T03:44:00+00:00,Portugal,0.5185418817281536,0,1,pt,MED,Europe
'3466506af9',extremes,Precipitation,#d60d2b,wmo,aguaceiro faro,2026-01-26T04:09:00+00:00,Portugal,0.5173361393214967,1,1,pt,MED,Europe
'3ad40dcab5',extremes,Storm,#b3b2b1,wmo,tempestade guarda,2026-01-25T04:06:00+00:00,Portugal,0.5165153259301662,1,1,pt,MED,Europe
'ab3ae14deb',extremes,Snow&Ice,#d60d2b,wmo,porto de gelo,2026-01-17T03:44:00+00:00,Portugal,0.5138579598435917,0,1,pt,MED,Europe
'bd504bee0d',extremes,Drought,#edc291,edo,seca Guiné Bissau,2026-01-15T10:57:00+00:00,Guinea-Bissau,0.5129215910246896,0,1,pt,WAF,Africa
'8b3539a59c',extremes,Drought,#edc291,edo,falta de chuva moçambique,2026-01-19T04:03:00+00:00,Mozambique,0.5127943660157226,0,1,pt,ESAF,Africa
'bd0c34a4e9',extremes,Snow&Ice,#d60d2b,wmo,neve castelo branco,2025-12-18T03:44:00+00:00,Portugal,0.5124785892295498,2,2,pt,MED,Europe
'61bcd02de5',extremes,Drought,#edc291,edo,seca moçambique,2026-01-15T10:57:00+00:00,Mozambique,0.5116795268552939,0,1,pt,ESAF,Africa
'8b55e7f8a3',extremes,Drought,#edc291,edo,seca nas Bermudas,2026-01-15T10:57:00+00:00,Bermuda,0.5110590613315409,0,1,pt,NAO,Atlantic Ocean
'3f5b4e976e',extremes,Storm,#b3b2b1,wmo,tempestade évora,2026-01-27T03:58:00+00:00,Portugal,0.5107795074832623,1,1,pt,MED,Europe
'8e13591831',extremes,Storm,#b3b2b1,wmo,tempestade castelo branco,2026-01-26T04:09:00+00:00,Portugal,0.5099036327514578,1,1,pt,MED,Europe
'c1578475a7',extremes,Precipitation,#d60d2b,wmo,chuva torrencial portalegre,2026-01-27T03:58:00+00:00,Portugal,0.5074746168827594,0,1,pt,MED,Europe
'13f1defe6b',extremes,Snow&Ice,#d60d2b,wmo,geada coimbra,2026-01-24T03:48:00+00:00,Portugal,0.5063584129080833,1,1,pt,MED,Europe
'320898e453',extremes,Precipitation,#d60d2b,wmo,precipitação vila real,2026-01-26T04:09:00+00:00,Portugal,0.505423241680099,1,1,pt,MED,Europe
'72eb62ae47',extremes,Drought,#edc291,edo,período de seca macau,2026-01-15T12:14:00+00:00,Macao,0.5039077127899477,0,1,pt,EAS,Asia
'26c741ce4f',extremes,Precipitation,#d60d2b,wmo,precipitação faro,2026-01-27T03:58:00+00:00,Portugal,0.5037904493603937,0,1,pt,MED,Europe
'42a88b8dd3',extremes,Drought,#edc291,edo,falta de chuva Guiné Bissau,2026-01-19T04:03:00+00:00,Guinea-Bissau,0.5033856359577321,0,1,pt,WAF,Africa
'9bd9707cac',extremes,Snow&Ice,#d60d2b,wmo,geada braga,2026-01-21T03:56:00+00:00,Portugal,0.5027257580214604,1,1,pt,MED,Europe
'a05bc5088f',extremes,Snow&Ice,#d60d2b,wmo,congelando Bragança,2026-01-26T04:09:00+00:00,Portugal,0.5025842509728016,1,1,pt,MED,Europe
'd9ab59f172',extremes,Precipitation,#d60d2b,wmo,precipitação setúbal,2026-01-22T03:59:00+00:00,Portugal,0.4984328778081388,0,1,pt,MED,Europe
'e708ff2ca6',extremes,Precipitation,#d60d2b,wmo,chuva vila real,2026-01-22T03:59:00+00:00,Portugal,0.4981888226938648,1,1,pt,MED,Europe
'8c28c1f621',extremes,Precipitation,#d60d2b,wmo,aguaceiro évora,2026-01-22T03:59:00+00:00,Portugal,0.4977092398250667,0,1,pt,MED,Europe
'd154e6cb31',extremes,Snow&Ice,#d60d2b,wmo,gelo braga,2025-12-19T03:46:00+00:00,Portugal,0.4976302763239031,1,2,pt,MED,Europe
'695fbc5c75',extremes,Precipitation,#d60d2b,wmo,aguaceiro aveiro,2026-01-25T04:06:00+00:00,Portugal,0.4970251431238441,1,1,pt,MED,Europe
'a5fabaab6d',extremes,Drought,#edc291,edo,seca bermudas,2026-01-15T12:14:00+00:00,Bermuda,0.4923986389930906,1,1,pt,NAO,Atlantic Ocean
'4c99b963c4',extremes,Earthquake,#870007,usgs,terremoto lospalos,2026-01-15T10:56:00+00:00,Timor Leste,0.476341230294914,0,1,pt,SEA,Asia
'8f29727ea9',extremes,Drought,#edc291,edo,seca Guiné Equatorial,2026-01-17T03:44:00+00:00,Equatorial Guinea,0.4747306115703076,0,1,pt,WAF,Africa
'9a93354f3b',extremes,Drought,#edc291,edo,período de seca em angola,2026-01-19T04:03:00+00:00,Angola,0.4741443217124122,1,1,pt,WSAF,Africa
'aa649ecaff',extremes,Drought,#edc291,edo,falta de chuva timor leste,2026-01-15T12:14:00+00:00,Timor Leste,0.4725974703262972,1,1,pt,SEA,Oceania
'8d58f411cd',extremes,Snow&Ice,#d60d2b,wmo,gelo viseu,2026-01-17T03:44:00+00:00,Portugal,0.4723985119409254,1,1,pt,MED,Europe
'8f089ddeb0',extremes,Precipitation,#d60d2b,wmo,precipitação coimbra,2026-01-21T03:56:00+00:00,Portugal,0.4715628717161058,1,1,pt,MED,Europe
'9349bd9c5e',extremes,Drought,#edc291,edo,seca Guiné Equatorial,2026-01-26T04:09:00+00:00,Equatorial Guinea,0.4706172939437564,0,1,pt,WAF,Africa
'12775cc05a',extremes,Drought,#edc291,edo,seca brasil,2025-12-19T03:46:00+00:00,Brazil,0.4685492242715612,3,3,pt,SAM,South-America
'f24ce754a3',extremes,Drought,#edc291,edo,seca timor leste,2026-01-15T10:57:00+00:00,Timor Leste,0.4563685861174346,0,1,pt,SEA,Oceania
'bd061badb4',extremes,Drought,#edc291,edo,seca brasil,2026-01-21T03:56:00+00:00,Brazil,0.4504924928798871,0,1,pt,SAM,South-America
'63b77c6e40',extremes,Drought,#edc291,edo,período de seca no brasil,2026-01-24T03:49:00+00:00,Brazil,0.4492162205538896,0,1,pt,SAM,South-America
'84c5287db9',extremes,Precipitation,#d60d2b,wmo,aguaceiro viseu,2026-01-21T03:56:00+00:00,Portugal,0.4409292657362793,1,1,pt,MED,Europe
'7430b2f3c5',extremes,Snow&Ice,#d60d2b,wmo,geada castelo branco,2026-01-17T03:44:00+00:00,Portugal,0.4392188921309703,1,1,pt,MED,Europe
'db87a5b0e6',extremes,Earthquake,#870007,usgs,terremoto manatutu,2026-01-17T03:44:00+00:00,Timor Leste,0.4371386238949051,0,1,pt,SEA,Asia
'726848c66e',extremes,Drought,#edc291,edo,período de seca em portugal,2026-01-21T03:56:00+00:00,Portugal,0.4306557938165057,0,1,pt,NAO,Atlantic Ocean
'50a78e5c68',extremes,Drought,#edc291,edo,seca Guiné Bissau,2026-01-24T03:49:00+00:00,Guinea-Bissau,0.4302584328881836,0,1,pt,WAF,Africa
'1a89155ed1',extremes,Drought,#edc291,edo,falta de chuva são tomé e príncipe,2026-01-15T10:57:00+00:00,Sao Tome and Principe,0.4127617545927612,0,1,pt,WAF,Africa
'10f476720b',extremes,Insect Infestation,#d60d2b,random,gafanhoto,2026-01-26T04:08:00+00:00,,0.4100075473236523,0,1,pt,,
'20741ce7eb',extremes,Tsunami,#690191,random,tsunami,2026-01-15T10:39:00+00:00,,0.4099765426734069,0,1,pt,,
'c0ea0632ba',extremes,Heat Wave,#c40202,random,calor,2026-01-15T10:39:00+00:00,,0.4099752445939704,0,1,pt,,
'8d4e6fcc3e',extremes,Snow&Ice,#d60d2b,random,tempestade de neve,2026-01-15T10:39:00+00:00,,0.4099516371853199,0,1,pt,,
'0b8f5a0e51',extremes,Iceberg,#d60d2b,random,iceberg antártica,2026-01-18T03:56:00+00:00,,0.4099477889902277,0,1,pt,,
'1c38b19449',extremes,Storm,#b3b2b1,random,bacias de poeira,2026-01-15T10:39:00+00:00,,0.4099359567017878,0,1,pt,,
'dc5bf960b0',extremes,Snow&Ice,#d60d2b,random,tempestade de neve,2026-01-15T10:39:00+00:00,,0.4099008832218642,0,1,pt,,
'3fa143a609',extremes,Storm,#b3b2b1,random,nevasca de poeira,2026-01-15T10:39:00+00:00,,0.4099006868118564,0,1,pt,,
'82d648b882',extremes,Drought,#edc291,random,seca,2026-01-15T10:39:00+00:00,,0.4098305739048267,0,1,pt,,
'62084daeb0',extremes,Earthquake,#870007,random,terremoto,2026-01-15T10:39:00+00:00,,0.4097458683214559,0,1,pt,,
'e0f14a84be',extremes,Tropical Cyclone,#4f4f4f,random,centro nacional de furacões,2026-01-15T10:39:00+00:00,,0.4089201669038112,0,1,pt,,
'eb56099bc8',extremes,Snow&Ice,#d60d2b,wmo,neve viseu,2026-01-15T10:56:00+00:00,Portugal,0.4055172386068782,0,1,pt,MED,Europe
'c70563434e',extremes,Snow&Ice,#d60d2b,wmo,neve bragança,2026-01-15T10:56:00+00:00,Portugal,0.4054097054581501,0,1,pt,MED,Europe
'b80889f434',extremes,Drought,#edc291,edo,período de seca nas bermudas,2026-01-25T04:06:00+00:00,Bermuda,0.4033516622314153,0,1,pt,NAO,Atlantic Ocean
'1ccd8c33a5',extremes,Drought,#edc291,edo,falta de chuva portugal,2026-01-15T10:57:00+00:00,Portugal,0.4030000895390717,0,1,pt,NAO,Atlantic Ocean
'befda8d17c',extremes,Snow&Ice,#d60d2b,wmo,gelo viana do castelo,2026-01-15T10:56:00+00:00,Portugal,0.4022268001835481,0,1,pt,MED,Europe
'd626409dfa',extremes,Precipitation,#d60d2b,wmo,chuva coimbra,2026-01-15T10:56:00+00:00,Portugal,0.4011844883212765,0,1,pt,MED,Europe
'b0881a055f',extremes,Precipitation,#d60d2b,wmo,chuva setúbal,2026-01-15T10:56:00+00:00,Portugal,0.4009992199678756,0,1,pt,MED,Europe
'7e303c7e63',extremes,Snow Avalanche,#deddd5,random,avalanche de neve,2026-01-20T03:55:00+00:00,,0.3996584864980431,0,1,pt,,
'374bdabdae',extremes,Storm,#b3b2b1,wmo,tempestade madeira porto santo,2026-01-15T10:56:00+00:00,Portugal,0.3994579963278633,0,1,pt,MED,Europe
'c4f1f0cbf9',extremes,Iceberg,#d60d2b,random,iceberg arctis,2026-01-21T03:55:00+00:00,,0.3974890264416298,0,1,pt,,
'f8a513bf41',extremes,Tropical Cyclone,#4f4f4f,random,medicano,2026-01-22T03:59:00+00:00,,0.3956642285786956,0,1,pt,,
'959012e5b8',extremes,Drought,#edc291,edo,período de seca em Timor Leste,2026-01-23T04:03:00+00:00,Timor Leste,0.3940210068624782,0,1,pt,SEA,Oceania
'5b8cf400f9',extremes,Iceberg,#d60d2b,random,iceberg partindo,2026-01-19T04:02:00+00:00,,0.3939758062301081,0,1,pt,,
'b4cd8bfe1e',extremes,ice jam,#d60d2b,random,inundação,2026-01-23T04:02:00+00:00,,0.3923739272305765,0,1,pt,,
'3d4dbc8c3b',extremes,Precipitation,#d60d2b,random,chuva forte,2026-01-17T03:44:00+00:00,,0.3888307895574756,0,1,pt,,
'c0ae99f2a9',extremes,Precipitation,#d60d2b,random,precipitação forte,2026-01-25T04:05:00+00:00,,0.3857088866428727,0,1,pt,,
'b073fed5b4',extremes,Snow&Ice,#d60d2b,random,geada,2026-01-24T03:48:00+00:00,,0.3846338550803188,0,1,pt,,
'c3d0e3b068',extremes,Snow&Ice,#d60d2b,random,congelamento,2026-01-22T03:59:00+00:00,,0.3794137203077339,0,1,pt,,
'45500dcb47',extremes,Precipitation,#d60d2b,random,chuva recorde,2026-01-27T03:58:00+00:00,,0.3789233435638227,0,1,pt,,
'b24c0517bf',extremes,Cold Wave,#a7e9fa,random,mergulhos de mercúrio,2026-01-22T03:59:00+00:00,,0.3767178110878088,0,1,pt,,
'52af874334',extremes,Drought,#edc291,random,aridez,2026-01-21T03:55:00+00:00,,0.3766599654625527,0,1,pt,,
'0a98fdd376',extremes,Snow Avalanche,#deddd5,random,avalanche,2026-01-23T04:02:00+00:00,,0.3727079634185535,0,1,pt,,
'8b4587c763',extremes,Storm,#b3b2b1,random,tempestade de poeira,2026-01-24T03:48:00+00:00,,0.3694329533406308,0,1,pt,,
'd59a7e48d7',extremes,Drought,#edc291,random,evapotranspiração,2026-01-20T03:55:00+00:00,,0.3682311994791814,0,1,pt,,
'15a9c61e3e',extremes,Landslide,#572c03,random,deslizamento de rochas,2026-01-15T12:13:00+00:00,,0.3668409517724288,0,1,pt,,
'3e2894fd0c',extremes,Iceberg,#d60d2b,random,gelo marinho antártico,2026-01-21T03:55:00+00:00,,0.3657646127310858,0,1,pt,,
'ef54296dab',extremes,Snow&Ice,#d60d2b,random,bloco de gelo,2026-01-23T04:02:00+00:00,,0.3647635969305514,0,1,pt,,
'980a973102',extremes,Tropical Cyclone,#4f4f4f,random,ciclone bomba,2026-01-15T10:56:00+00:00,,0.3638794102459015,0,1,pt,,
'ae915a462e',extremes,Drought,#edc291,edo,seca macau,2026-01-25T04:06:00+00:00,Macao,0.3616216935560664,0,1,pt,EAS,Asia
'59b5340b69',extremes,Precipitation,#d60d2b,random,frente de água,2026-01-15T10:56:00+00:00,,0.3610049868568126,0,1,pt,,
'283b154c38',extremes,Wet Spell,#d60d2b,random,feitiço molhado,2026-01-15T12:13:00+00:00,,0.3602027799732853,0,1,pt,,
'ffb1582a8d',extremes,Drought,#edc291,edo,falta de chuva macau,2026-01-15T10:57:00+00:00,Macao,0.3560880258193585,0,1,pt,EAS,Asia
'ea1c03418f',extremes,Snow&Ice,#d60d2b,random,granizo,2026-01-15T12:13:00+00:00,,0.3560696110740966,0,1,pt,,
'9aceadd432',extremes,Heat Wave,#c40202,random,calor recorde,2026-01-21T03:55:00+00:00,,0.3559230617977695,0,1,pt,,
'a652c78afc',extremes,Drought,#edc291,random,megaseca,2026-01-18T03:56:00+00:00,,0.3536643231434738,0,1,pt,,
'560b05d603',extremes,Heat Wave,#c40202,random,onda de calor,2026-01-18T03:56:00+00:00,,0.3522846892766537,0,1,pt,,
'538eadceb4',extremes,Heat Wave,#c40202,random,inverno ameno,2026-01-17T03:44:00+00:00,,0.3486464507384024,0,1,pt,,
'de3b36bacb',extremes,Thunderstorm,#53785a,random,tempo severo,2026-01-20T03:55:00+00:00,,0.3480532759672765,0,1,pt,,
'ac1f437023',extremes,Drought,#edc291,edo,seca macau,2026-01-23T04:03:00+00:00,Macao,0.3478488411873263,0,1,pt,EAS,Asia
'40f675561f',extremes,Heat Wave,#c40202,random,verão mais quente,2026-01-15T10:56:00+00:00,,0.3470966900262298,0,1,pt,,
'80462e91eb',extremes,Tropical Cyclone,#4f4f4f,random,ciclone,2026-01-15T10:56:00+00:00,,0.3453068999447984,0,1,pt,,
'845dd2d698',extremes,Storm,#b3b2b1,random,tornado,2026-01-17T03:44:00+00:00,,0.3438796635272074,0,1,pt,,
'55c39b351d',extremes,Storm,#b3b2b1,random,redemoinho de poeira,2026-01-15T10:56:00+00:00,,0.34341234140124005,0,1,pt,,
'4c8bd3e4d4',extremes,Insect Infestation,#d60d2b,random,gafanhotos,2026-01-15T10:56:00+00:00,,0.3419969009279606,0,1,pt,,
'f4e1bf0fdf',extremes,Flood,#030ba1,random,surto de lago glaciar,2026-01-18T03:56:00+00:00,,0.3394040192593826,0,1,pt,,
'df7e5328ea',extremes,Cold Wave,#a7e9fa,random,período de frio,2026-01-27T03:58:00+00:00,,0.33891519660255925,0,1,pt,,
'ea87be5bd8',extremes,Heat Wave,#c40202,random,temperatura escaldante,2026-01-15T12:13:00+00:00,,0.3378073195500063,0,1,pt,,
'4f9a8ebb25',extremes,Snow&Ice,#d60d2b,random,geada noturna,2026-01-15T10:56:00+00:00,,0.3358596462715496,0,1,pt,,
'ce37661cdd',extremes,Cold Wave,#a7e9fa,random,dia mais frio,2026-01-15T10:56:00+00:00,,0.3353659720171796,0,1,pt,,
'8a1a9038c3',extremes,Storm,#b3b2b1,random,nevasca,2026-01-15T10:56:00+00:00,,0.3344515297349608,0,1,pt,,
'6b7e025bb3',extremes,Storm,#b3b2b1,random,redemoinho,2026-01-15T10:56:00+00:00,,0.3314856725807237,0,1,pt,,
'5ea4d45f08',extremes,Tropical Cyclone,#4f4f4f,random,landfall,2026-01-17T03:44:00+00:00,,0.3294232107700241,0,1,pt,,
'f3b91506ec',extremes,Cold Wave,#a7e9fa,random,frio recorde,2026-01-15T10:20:00+00:00,,0.2578003975718036,1,2,pt,,
'633ed59c63',extremes,Iceberg,#d60d2b,random,gelo marinho ártico,2026-01-15T10:20:00+00:00,,0.256417319727148,0,1,pt,,
'45480a05ce',extremes,Tropical Cyclone,#4f4f4f,random,tufão,2026-01-15T10:20:00+00:00,,0.2560990530904549,0,1,pt,,
'1fefacbadb',extremes,Iceberg,#d60d2b,random,desintegração de uma geleira,2026-01-15T10:20:00+00:00,,0.2545099887501987,0,1,pt,,
